{
    "animations": "CubeGeometry.animations.json",
    "skinIndices": [0,1,0,1,0,1,0,1,3,2,3,2,3,2,3,2,0,1,1,2,3,2,0,1,1,2,3,2,0,1,1,2,3,2,0,1,1,2,3,2],
    "bones": [{
        "pos": [0,0,-0],
        "rotq": [0,0,0,1],
        "parent": -1,
        "name": "Bone"
    },{
        "pos": [0,2,-0],
        "rotq": [0,0,0,1],
        "parent": 0,
        "name": "Bone.001"
    },{
        "pos": [0,2,-0],
        "rotq": [0,0,0,1],
        "parent": 1,
        "name": "Bone.002"
    },{
        "pos": [0,2,-0],
        "rotq": [0,0,0,1],
        "parent": 2,
        "name": "Bone.003"
    }],
    "skinWeights": [0.909184,0.08576,0.916784,0.078582,0.909184,0.08576,0.916784,0.078582,0.909184,0.08576,0.916784,0.078582,0.909184,0.08576,0.916784,0.078582,0.496532,0.475436,0.472352,0.472352,0.496532,0.475436,0.496878,0.475109,0.472336,0.472336,0.496878,0.475109,0.496532,0.475436,0.472352,0.472352,0.496532,0.475436,0.496878,0.475109,0.472336,0.472336,0.496878,0.475109],
    "metadata": {
        "version": 3,
        "type": "Geometry",
        "bones": 4,
        "materials": 1,
        "generator": "io_three",
        "vertices": 20,
        "uvs": 0,
        "faces": 18,
        "normals": 12
    },
    "influencesPerVertex": 2,
    "vertices": [1,-0,-1,1,0,1,-1,0,1,-1,-0,-1,1,8,-1,0.999999,8,1,-1,8,0.999999,-1,8,-1,1,2,-1,1,4,-1,1,6,-1,1,2,1,1,4,1,1,6,1,-1,2,1,-1,4,1,-1,6,0.999999,-1,2,-1,-1,4,-1,-1,6,-1],
    "faces": [35,0,1,2,3,0,0,1,2,3,35,4,7,6,5,0,4,5,6,7,35,10,4,5,13,0,8,4,7,9,35,13,5,6,16,0,9,7,6,10,35,16,6,7,19,0,10,6,5,11,35,8,0,3,17,0,8,0,3,11,35,4,10,19,7,0,4,8,11,5,35,10,9,18,19,0,8,8,11,11,35,9,8,17,18,0,8,8,11,11,35,2,14,17,3,0,2,10,11,3,35,14,15,18,17,0,10,10,11,11,35,15,16,19,18,0,10,10,11,11,35,1,11,14,2,0,1,9,10,2,35,11,12,15,14,0,9,9,10,10,35,12,13,16,15,0,9,9,10,10,35,0,8,11,1,0,0,8,9,1,35,8,9,12,11,0,8,8,9,9,35,9,10,13,12,0,8,8,9,9],
    "uvs": [],
    "materials": [{
        "colorDiffuse": [0.64,0.64,0.64],
        "opacity": 1,
        "depthWrite": true,
        "colorEmissive": [0,0,0],
        "depthTest": true,
        "shading": "phong",
        "DbgName": "Material",
        "wireframe": false,
        "transparent": false,
        "DbgColor": 15658734,
        "blending": "NormalBlending",
        "DbgIndex": 0,
        "visible": true,
        "specularCoef": 50,
        "colorSpecular": [0.5,0.5,0.5],
        "colorAmbient": [0.64,0.64,0.64]
    }],
    "normals": [0.577349,-0.577349,-0.577349,0.577349,-0.577349,0.577349,-0.577349,-0.577349,0.577349,-0.577349,-0.577349,-0.577349,0.577349,0.577349,-0.577349,-0.577349,0.577349,-0.577349,-0.577349,0.577349,0.577349,0.577349,0.577349,0.577349,0.707083,0,-0.707083,0.707083,0,0.707083,-0.707083,0,0.707083,-0.707083,0,-0.707083],
    "name": "CubeGeometry"
}